,id,study,treat1,treat2,n1,n2,y1,y2,sd1,sd2,TE,seTE,subgroup
0,2,"Aglietti et al., 2004",BPTB,HT,60,60,2.2,1.95,1.08,1.3,0.209,0.183,BPTB vs. HT
1,3,"Ahldén et al., 2009",BPTB,HT,25,22,2.6,1.4,3.3,2.6,0.401,0.295,BPTB vs. HT
2,5,"Anderson et al., 2001",BPTB,HT,35,33,2.1,3.1,2.0,2.3,0.465,0.246,BPTB vs. HT
3,7,"Aune et al., 2001",BPTB,HT,32,29,3.3,2.9,2.6,2.4,0.16,0.257,BPTB vs. HT
4,10,"Barié et al., 2020",BPTB,QT,43,43,1.05,1.0,1.36,1.1,0.04,0.216,BPTB vs. QT
5,12,"Bi et al., 2018",HT,PLT,62,62,1.71,1.85,0.57,0.77,0.207,0.18,HT vs. PLT
6,23,"Ejerhed et al., 2003",BPTB,HT,32,34,2.29,2.47,3.99,3.47,0.048,0.246,BPTB vs. HT
7,25,"Eriksson et al., 2001",BPTB,HT,42,47,0.95,1.1,0.91,0.95,0.161,0.213,BPTB vs. HT
8,26,"Feller & Webster, 2003",BPTB,HT,27,21,0.5,1.1,1.0,1.2,0.55,0.297,BPTB vs. HT
9,30,"Gifstad et al., 2013",BPTB,HT,41,36,1.4,1.4,1.8,1.4,0.0,0.228,BPTB vs. HT
10,33,"Harilainen et al., 2006",BPTB,HT,37,37,1.5,1.2,3.0,3.9,0.086,0.233,BPTB vs. HT
11,35,"Holm et al., 2010",BPTB,HT,28,29,3.0,2.0,3.2,3.5,0.298,0.266,BPTB vs. HT
12,36,"Horstmann et al., 2022",HT,QT,26,23,0.2,0.7,2.2,1.1,0.282,0.288,HT vs. QT
13,41,"Jansson et al., 2003",BPTB,HT,43,46,1.7,1.2,2.63,2.65,0.189,0.213,BPTB vs. HT
14,43,"Kautzner et al., 2015",BPTB,HT,74,73,0.6,0.5,0.21,0.42,0.302,0.166,BPTB vs. HT
15,45,"Konrads et al., 2016",BPTB,HT,24,23,1.8,2.2,0.51,0.78,0.61,0.299,BPTB vs. HT
16,46,"Laoruengthana et al., 2009",BPTB,HT,15,13,1.22,0.96,0.69,0.42,0.447,0.384,BPTB vs. HT
17,49,"Laxdal et al., 2005",BPTB,HT,40,78,1.0,1.5,3.01,3.12,0.162,0.195,BPTB vs. HT
18,51,"Li et al., 2015",HT,TA,32,32,2.1,3.5,1.6,1.2,0.99,0.265,HT vs. TA
19,52,"Lidén et al., 2007",BPTB,HT,30,32,2.3,2.7,3.06,3.39,0.124,0.254,BPTB vs. HT
20,53,"Lind et al., 2020",HT,QT,49,47,1.9,1.8,1.7,1.0,0.071,0.204,HT vs. QT
21,54,"Lucidi et al., 2025",BPTB,HT,19,20,-0.1,1.5,1.6,1.2,1.136,0.347,BPTB vs. HT
22,55,"Lui et al., 2012",BPTB,HT,14,17,3.7,3.1,1.4,1.6,0.396,0.365,BPTB vs. HT
23,56,"Lund et al., 2014",BPTB,QT,18,21,1.1,0.8,1.4,1.7,0.191,0.322,BPTB vs. QT
24,58,"Malik et al., 2026",HT,PLT,25,25,2.1,1.8,1.0,0.9,0.315,0.285,HT vs. PLT
25,62,"Matsumoto et al., 2006",BPTB,HT,37,35,1.2,1.7,2.1,1.4,0.279,0.237,BPTB vs. HT
26,76,"Pinczewski et al., 2007",BPTB,HT,54,58,1.2,1.6,1.69,1.55,0.247,0.19,BPTB vs. HT
27,77,"Popovic et al., 2024",BPTB,HT,38,33,1.3,1.5,2.2,3.3,0.072,0.238,BPTB vs. HT
28,85,"Smith et al., 2020",BPTB,HT,32,32,0.0,0.3,0.8,0.7,0.399,0.253,BPTB vs. HT
29,87,"Sonnery-cottet et al., 2026",BPTB,HT,296,297,1.2,0.9,1.4,1.0,0.247,0.082,BPTB vs. HT
30,95,"Webster et al., 2001",BPTB,HT,23,31,1.1,1.7,0.65,0.97,0.706,0.284,BPTB vs. HT
31,96,"Wipfler et al., 2011",BPTB,HT,29,25,0.9,0.64,0.27,0.36,0.826,0.285,BPTB vs. HT
32,97,"Yadav et al., 2025",HT,QT,36,33,3.77,2.73,2.01,1.64,0.564,0.246,HT vs. QT
33,100,"Zaffagnini et al., 2011",BPTB,HT,40,39,0.4,1.1,0.6,1.9,0.5,0.229,BPTB vs. HT
